event_id,event_date,first_trading_day_after,event_name,country,facility_or_route,facility_type,cause,product,physical_supply_lost,capacity_offline_bpd,capacity_note,duration_days_estimate,reported_price_move,usable_for_daily_study,overlaps_other_event,source_1_url,source_1_publisher,source_2_url,confidence,notes
E01,2016-05-03,2016-05-03,Fort McMurray wildfire,Canada,Alberta oil sands projects,field,weather,crude,yes,800000,Average disruption in May 2016 per EIA. Peak daily disruption exceeded 1.1 million b/d.,,EIA: disruptions together contributed to a $5 per barrel month-over-month rise in Brent spot in May 2016.,yes,E02,https://www.eia.gov/todayinEnergy/detail.php?id=26592,EIA Today in Energy,,medium,The source confirms May 2016 only. The May 3 start date is from general knowledge and must be confirmed before use.
E02,,,Nigeria militant attacks on oil infrastructure,Nigeria,Niger Delta pipelines and terminals,pipeline,attack,crude,yes,800000,"Average disruption in May 2016 per EIA, up 0.3 million b/d from April.",,"EIA: see E01, same $5 per barrel combined effect.",no,E01,https://www.eia.gov/todayinEnergy/detail.php?id=26592,EIA Today in Energy,,medium,A campaign over several months with no single date in the source. Find the date of one specific attack before using it in the daily study.
E03,2017-08-25,2017-08-28,Hurricane Harvey,United States,Texas Gulf Coast refineries,refinery,weather,refined products,yes,3200000,"Drop in gross inputs to Gulf Coast refineries from the prior week (34 percent). This is refinery runs, not crude production.",7,"EIA: US average gasoline rose 28 cents per gallon in one week, from $2.40 on Aug 28 to $2.68 on Sept 4, 2017.",yes,,https://www.eia.gov/todayinenergy/detail.php?id=32852,EIA Today in Energy,,medium,"The source says late August 2017. The Aug 25 landfall date is from general knowledge and must be confirmed. A refinery outage lowers crude demand, so crude prices can fall while fuel prices rise. Landfall was late on Friday Aug 25, after the close, so day zero is Monday Aug 28."
E04,2019-06-13,2019-06-13,Gulf of Oman tanker attacks,Oman (international waters),"Front Altair and Kokuka Courageous, Gulf of Oman",tanker or shipping lane,attack,crude,no,,No production or export volume was taken offline.,,Wire report: oil prices jumped 4 percent after the incidents.,yes,,https://www.businessday.co.za/bd/markets/2019-06-13-oil-prices-jump-after-attacks-on-two-tankers-in-the-gulf-of-oman/,Business Day (wire copy),,medium,"A risk event with no barrels lost. The 4 percent figure is an intraday move, so compute the close-to-close move from the price data."
E05,2019-09-14,2019-09-16,Abqaiq and Khurais attack,Saudi Arabia,Abqaiq processing facility and Khurais field,processing plant,attack,crude,yes,5700000,"5.7 million b/d is the widely reported disruption figure and is from general knowledge, not from the fetched pages. EIA states Abqaiq has a capacity of 7 million b/d, about 7 percent of global crude production capacity, and a later EIA article says processing fell to 2.0 million b/d with 1.2 million b/d offline at Khurais for 24 hours. Confirm the figure before use.",17,"EIA: largest single-day increase in Brent and WTI in a decade on Sept 16, 2019. A later EIA article gives a 12.7 percent daily change in Brent. Prices fell on Sept 17.",yes,,https://www.eia.gov/todayinenergy/detail.php?id=41413,EIA Today in Energy,https://www.eia.gov/todayinenergy/detail.php?id=42675,medium,The attack was on a Saturday. Duration is an estimate based on EIA's statement that the outage was expected to be resolved by the end of September.
E06,2020-01-03,2020-01-03,US military strike in Baghdad,Iraq,None. No oil facility affected,other,attack,crude,no,,EIA: perceived risk to future supply. No physical barrels disrupted.,,"EIA: Brent daily change of 3.4 percent, larger than 95 percent of daily changes in the prior 29 years.",yes,,https://www.eia.gov/todayinenergy/detail.php?id=42675,EIA Today in Energy,,medium,"EIA dates the event January 2, 2020 Eastern time. It was early January 3 in Baghdad. A risk event with no barrels lost."
E07,2021-02-15,2021-02-16,Texas winter storm,United States,"Gulf Coast refineries, mainly Texas",refinery,weather,refined products,yes,3700000,"Refining capacity offline at the peak, about 20 percent of US capacity. US refinery runs fell 2.7 million b/d in the week ending Feb 19, 2021.",,,yes,,https://www.eia.gov/todayinenergy/detail.php?id=46936,EIA Today in Energy,,medium,"The source gives mid-February with peak impact on Feb 17. The Feb 15 onset date is approximate. Feb 15, 2021 was a US holiday, so check which day prices first traded."
E08,2021-05-07,2021-05-10,Colonial Pipeline shutdown,United States,"Colonial Pipeline, Gulf Coast to East Coast",pipeline,cyber,refined products,yes,,Capacity is not in the fetched source. About 2.5 million b/d is commonly cited and must be confirmed.,8,"EIA: US average retail gasoline reached $3.03 per gallon on May 17, 2021, the first time above $3.00 since Oct 27, 2014.",yes,,https://www.eia.gov/todayinenergy/detail.php?id=47996,EIA Today in Energy,,medium,"Shut down Friday May 7. Partial restart May 12. Normal operations May 15. The shutdown became public after Friday's close, so day zero is Monday May 10."
E09,2021-08-29,2021-08-30,Hurricane Ida,United States,Gulf of Mexico production and Louisiana refineries,field,weather,both,yes,1600000,"Drop in Gulf Coast refinery inputs between the weeks ending Aug 27 and Sept 3, 2021. Separately, 96 percent of federal Gulf of Mexico crude production was shut in.",30,,yes,,https://www.eia.gov/todayinenergy/detail.php?id=49576,EIA Today in Energy,,high,Landfall was on a Sunday. EIA expected production to return through September.
E10,,,Libya production shut in by armed groups,Libya,Oil fields,field,blockade,crude,yes,400000,"Production lost, against a 2021 average of about 1.2 million b/d.",,,no,,https://www.eia.gov/todayinenergy/detail.php?id=53419,EIA Today in Energy,,medium,The source says late December 2021 with no exact date. Find the date before using it in the daily study.
E11,,,Libya port and field blockades,Libya,Several major ports and oil fields,export terminal,blockade,crude,yes,700000,"Production fell from about 1.2 million b/d to about 0.5 million b/d by July 2022. The 700,000 figure is the difference.",90,,no,,https://www.eia.gov/todayinenergy/detail.php?id=53419,EIA Today in Energy,,medium,"The source says blockades began in April 2022 with no exact date. A gradual event, which suits weekly or monthly analysis better than daily."
E12,2022-12-07,2022-12-08,Keystone pipeline shutdown,United States,"Keystone pipeline near Washington, Kansas",pipeline,accident,crude,yes,622000,Full pipeline capacity. The whole system was shut at first.,,,yes,,https://pgjonline.com/news/2022/december/tc-energy-s-keystone-pipeline-shut-after-oil-release-into-kansas-creek,Pipeline and Gas Journal,https://arc-dev.theglobeandmail.com/business/international-business/article-tc-energy-says-keystone-pipeline-operational-to-all-delivery-points,medium,"Shut about 8 p.m. Central on Dec 7, after the close, so day zero is Dec 8. The date of full return to service was not confirmed from the sources and is left blank."
E13,,,Red Sea shipping attacks,Yemen (international waters),Bab el-Mandeb Strait and southern Red Sea,tanker or shipping lane,attack,both,no,,No production lost. The strait carried 12 percent of seaborne oil trade in the first half of 2023. Crude flows through it fell about 18 percent in December 2023.,,"EIA: Brent closed at $79 per barrel on Jan 18, 2024, against $82 the week before the attacks began.",no,,https://www.eia.gov/todayinenergy/detail.php?id=61363,EIA Today in Energy,,medium,"A campaign that began in November 2023, with no single date in the source. Oil was rerouted, not lost. Useful as a case where prices did not rise."
E14,,,Drone attacks on Russian refineries,Russia,"Ryazan, Kuibyshev, Syzran, Taneco and other refineries",refinery,attack,refined products,yes,907000,"Primary refining capacity idled by late March 2024, about 14 percent of Russia's total, per Reuters calculations. Down to about 660,000 b/d by mid-April 2024.",,,no,,https://www.swissinfo.ch/eng/exclusive-russia-restoring-oil-refining-capacity-knocked-out-by-drones/75776966,Reuters via SWI swissinfo.ch,,medium,"A campaign from early 2024 with many separate strikes. The source names a strike on Taneco on April 2, 2024. Pick individual strikes with their own dates for the daily study."
E15,2025-06-13,2025-06-13,"Start of Israel and Iran hostilities, June 2025",Iran and Israel,None. Strait of Hormuz traffic was not blocked,other,attack,crude,no,,"EIA: maritime traffic through the strait remained unblocked. About 20 million b/d transited in 2024, about 20 percent of global petroleum liquids consumption.",,"EIA: Brent rose from $69 per barrel on June 12 to $74 on June 13, 2025.",yes,,https://www.eia.gov/todayinEnergy/detail.php?id=65504,EIA Today in Energy,,high,A risk event with no barrels lost.
E16,2026-02-28,2026-03-02,Start of military action and de facto closure of the Strait of Hormuz,Iran and Gulf states,Strait of Hormuz,tanker or shipping lane,attack,both,yes,7500000,"Production shut in across Iraq, Saudi Arabia, Kuwait, UAE, Qatar and Bahrain in March 2026 per EIA (9.1 million b/d projected for April). Separately, IEA reports flows through the strait fell from about 20 million b/d to an average of 2.7 million b/d in March to May 2026.",110,EIA: Brent rose from $61 per barrel at the start of 2026 to $118 by March 31. The Brent to WTI spread widened from about $4 to $25.,yes,E17;E18,https://www.eia.gov/todayinenergy/detail.php?id=67424,EIA Today in Energy,https://www.iea.org/commentaries/how-global-oil-supplies-have-readjusted-to-help-fill-the-huge-gap-left-by-the-strait-of-hormuz-shock,medium,"The February 28 start date appears in an EIA page summary and on Wikipedia. The exact EIA sentence says prices rose 'following military action in the region' after most shipping stopped using the strait. Confirm the date in a news source. Feb 28, 2026 was a Saturday. Duration runs to the mid-June memorandum and is approximate. This one episode dominates the whole sample."
E17,2026-03-13,2026-03-13,Saudi Arabia cuts output by 20 percent,Saudi Arabia,Offshore fields including Safaniya,field,attack,crude,yes,2000000,"Output cut to 8 million b/d, about 20 percent. March 13, 2026 is the date of the news report EIA links to, and Wikipedia gives the same date.",,,yes,E16;E18,https://www.eia.gov/todayinenergy/detail.php?id=67424,EIA Today in Energy,https://en.wikipedia.org/wiki/2026_Strait_of_Hormuz_crisis,medium,"Part of the Hormuz episode, so its window overlaps E16. The UAE's output fell by more than half around March 16 per a report EIA links to, and is not a separate row yet."
E18,2026-03-20,2026-03-20,Iraq declares force majeure on foreign-operated oilfields,Iraq,Southern oilfields including Rumaila,field,attack,crude,yes,3000000,"Wikipedia reports output at three main southern fields fell from 4.3 to 1.3 million b/d by March 8. The 3,000,000 figure is the difference and comes from Wikipedia only.",,,yes,E16;E17,https://www.eia.gov/todayinenergy/detail.php?id=67424,EIA Today in Energy,https://en.wikipedia.org/wiki/2026_Strait_of_Hormuz_crisis,medium,"March 20, 2026 is the date of the news report EIA links to. Wikipedia gives March 17 for the declaration. Part of the Hormuz episode. Confirm the date and the volume in a news source."
E19,2026-06-17,2026-06-17,US and Iran memorandum of understanding,Iran and United States,Strait of Hormuz,tanker or shipping lane,agreement,both,no,,A supply-returning event. Flows through the strait began to rise after the agreement.,,"EIA: Brent opened July at $72 per barrel, its lowest since late February.",yes,,https://www.eia.gov/todayinenergy/detail.php?id=68245,EIA Today in Energy,https://www.eia.gov/pressroom/releases/press590.php,medium,Sources disagree by a day: one EIA page says June 17 and another says June 18. Included as an example of a price fall when supply risk eases.
E20,2026-07-07,2026-07-07,Renewed escalation and tanker strikes,Iran and Gulf states,Strait of Hormuz,tanker or shipping lane,attack,both,no,,No volume figure in the sources.,,"EIA: Brent crossed $100 per barrel on July 23, 2026.",yes,,https://www.eia.gov/todayinenergy/detail.php?id=68245,EIA Today in Energy,https://en.wikipedia.org/wiki/2026_Strait_of_Hormuz_crisis,medium,EIA names July 7 as a date of military escalation. Vessel details come from Wikipedia only.
E21,2026-09-09,2026-09-09,"Escalated military action, September 2026",Iran and Gulf states,Strait of Hormuz and regional infrastructure,other,attack,both,no,,No volume figure in the sources.,,"EIA: Brent futures exceeded $100 on Sept 9, peaked at $109 on Sept 15, and spot prices reached as high as $132 around mid-September.",yes,,https://www.eia.gov/todayinenergy/detail.php?id=68245,EIA Today in Energy,,medium,"EIA also reports pipeline attacks affecting Saudi supply and drone attacks on Novorossiysk in the same quarter, without dates."
