event_id,event_date,alt_date,date_flag,event_name,country,facility_or_route,facility_id,facility_type,latitude,longitude,cause,product,physical_supply_lost,capacity_offline_bpd,capacity_note,source_1_publisher,source_1_url,source_2_publisher,source_2_url,starter_row,episode,hand_checked,notes
W01,2026-02-28,,,Start of US and Israeli military action against Iran; tanker traffic through the Strait of Hormuz largely stops,Iran,Strait of Hormuz,strait-of-hormuz,tanker or shipping lane,26.2969,56.8598,attack,both,yes,7500000.0,"EIA: 7.5 million b/d of Gulf production shut in during March 2026 (Iraq, Saudi Arabia, Kuwait, UAE, Qatar, Bahrain). IEA: flows through the strait fell from about 20 million b/d to an average of 2.7 million b/d in March to May. Production shut-ins and strait flows are different measures.",EIA Today in Energy,https://www.eia.gov/todayinenergy/detail.php?id=67424,"AP (via Michigan Public, May 8, 2026): 'launched the war on Feb. 28'",https://www.michiganpublic.org/2026-05-08/the-u-s-fires-on-iranian-tankers-trying-to-evade-its-blockade-amid-a-hormuz-standoff,E16,iran_war_2026,,"Feb 28, 2026 was a Saturday; day zero is the next trading day. IEA commentary (June 22, 2026) gives the strait flow figures: https://www.iea.org/commentaries/how-global-oil-supplies-have-readjusted-to-help-fill-the-huge-gap-left-by-the-strait-of-hormuz-shock"
W02,2026-03-02,2026-03-01,DATES DIFFER,Iran's Revolutionary Guards state the Strait of Hormuz is closed; major shipping lines suspend transits,Iran,Strait of Hormuz,strait-of-hormuz,tanker or shipping lane,26.2969,56.8598,blockade,both,yes,,No separate volume; part of the W01 disruption.,"Caixin Global (Mar 2, 2026)",https://www.caixinglobal.com/2026-03-02/us-strikes-on-iran-choke-off-major-oil-shipping-lane-102418648.html,,,,iran_war_2026,,"Reports place the declaration on March 1 or March 2. Caixin is a news outlet, not an agency: replace with Reuters/AP/AFP or an official notice when checking. Wikipedia (pointer) cites March 2."
W03,2026-03-07,,,Kuwait Petroleum Corporation declares force majeure and cuts crude output,Kuwait,Kuwait oilfields (KPC),kuwait-oilfields-kpc,field,29.3,47.9,blockade,both,yes,,KPC did not say how much it would cut. Kuwait produced about 2.6 million b/d of crude in February.,"Reuters (Yousef Saba, Trixie Yap) via TimesLIVE",https://www.timeslive.co.za/news/world/2026-03-07-kuwait-declares-force-majeure-cuts-crude-oil-output-due-to-middle-east-conflict/,MEED,https://www.meed.com/kuwait-cuts-oil-production-due-to-iran-war-fallout,,iran_war_2026,,"Location is approximate (central Kuwait), for the map only."
W04,2026-03-13,2026-03-09,DATES DIFFER,Saudi Arabia cuts crude output by about 2 million b/d to about 8 million b/d (Safaniya and Zuluf offshore fields shut),Saudi Arabia,Safaniya and Zuluf offshore fields,safaniya-and-zuluf-offshore-fields,field,28.1,48.9,blockade,crude,yes,2000000.0,"Reuters, two sources: output cut by about 2 million b/d to around 8 million b/d after the two fields were shut. Some exports diverted to Yanbu on the Red Sea.",Reuters via Baird Maritime,https://www.bairdmaritime.com/offshore/drilling-production/saudi-arabia-cuts-oil-output-20-per-cent-to-80-million-bpd-amid-iran-war,EIA Today in Energy,https://www.eia.gov/todayinenergy/detail.php?id=67424,E17,iran_war_2026,,E17 uses March 13 (date of the report EIA links to). A Bloomberg video dated March 9 says Saudi Arabia began output cuts as storage filled: https://www.bloomberg.com/news/videos/2026-03-09/saudi-arabia-begins-oil-output-cuts-as-storage-fills-up-video . Starter row's cause was 'attack'; changed to 'blockade' because the source attributes the cut to the closed strait. Check both.
W05,2026-03-16,,,UAE crude output falls by more than half as ADNOC shuts in production,United Arab Emirates,ADNOC oilfields,adnoc-oilfields,field,24.0,53.8,blockade,crude,yes,,Reported as 'more than half' with no figure in the summary read. OPEC data later put March output at 1.89 million b/d. Not converted to a volume.,"Reuters via BOE Report (Mar 16, 2026)",https://boereport.com/2026/03/16/uae-crude-output-falls-by-more-than-half-as-hormuz-closure-forces-shut-ins/amp/,Pipeline and Gas Journal,https://pgjonline.com/news/2026/march/oil-falls-as-uae-output-drops-after-fujairah-export-attack,,iran_war_2026,,"EVENTS_NOTES.md lead. Location approximate (Abu Dhabi onshore fields), for the map only. The Fujairah terminal attack is a separate lead without a confirmed date."
W06,2026-03-17,2026-03-20,DATES DIFFER,Iraq declares force majeure on oilfields developed by foreign companies; Basra output cut to 0.9 million b/d,Iraq,Basra Oil Company fields,basra-oil-company-fields,field,30.5,47.6,blockade,crude,yes,2400000.0,"Oil minister: Basra Oil Company production cut to 900,000 b/d from 3.3 million b/d. The 2.4 million is the difference of those two stated figures.","Reuters via World Oil (Mar 20, 2026)",https://www.worldoil.com/news/2026/3/20/iraq-declares-force-majeure-on-foreign-oilfields-as-hormuz-disruption-halts-exports,Reuters via Baird Maritime,https://www.bairdmaritime.com/offshore/drilling-production/iraq-declares-force-majeure-on-foreign-operated-oilfields-over-hormuz-disruption,E18,iran_war_2026,,The ministry letter is dated March 17; Reuters reported it March 20. E18 used March 20 and a 3 million figure from Wikipedia; this row uses the Reuters figures. Choose the date by when the market could know (likely March 20).
W07,2026-04-07,2026-04-08,DATES DIFFER,US and Iran announce a two-week ceasefire; Iran agrees to reopen the Strait of Hormuz,Iran,Strait of Hormuz,strait-of-hormuz,tanker or shipping lane,26.2969,56.8598,agreement,both,no,,A supply-returning event; no volume.,"Al Jazeera (Apr 7, 2026)",https://aljazeera.com/news/2026/4/7/trump-suspends-iran-bombing-for-two-weeks-following-dire-threats,The Citizen (Tanzania),https://www.thecitizen.co.tz/tanzania/news/international/us-iran-agree-to-two-week-ceasefire-with-reopening-of-strait-of-hormuz-5416464,,iran_war_2026,,"Announced the evening of April 7 US time, which was April 8 in the Gulf (Wikipedia gives April 8). Day zero is probably April 8. Replace with an agency or official source (e.g. a White House or Pakistan government statement) when checking."
W08,2026-04-13,,,US forces begin a blockade of ships entering or leaving Iranian ports,Iran,Iranian ports (Arabian Gulf and Gulf of Oman),iranian-ports,export terminal,27.18,56.27,blockade,both,yes,,No volume stated. CENTCOM says ships transiting Hormuz to and from non-Iranian ports were not to be impeded.,US Central Command (official),https://www.centcom.mil/MEDIA/PUBLIC-RELEASES/Press-Release-View/Article/4457255/us-to-blockade-ships-entering-or-exiting-iranian-ports/,Reuters via Mining Weekly,https://www.miningweekly.com/article/us-military-says-it-will-start-blockade-of-all-ships-going-to-and-from-iran-on-monday-2026-04-13,,iran_war_2026,,"Began April 13 at 10 a.m. ET per CENTCOM. Map point is Bandar Abbas, approximate."
W09,2026-04-17,,,Iran declares the Strait of Hormuz open to commercial vessels for the rest of the ceasefire,Iran,Strait of Hormuz,strait-of-hormuz,tanker or shipping lane,26.2969,56.8598,agreement,both,no,,"No volume. Conditions: commercial ships only, on Iran's designated route, coordinated with Iranian forces. The US blockade of Iranian ports stayed in place.","All India Radio News (newsonair.gov.in, Apr 17, 2026)",https://newsonair.gov.in/strait-of-hormuz-is-fully-open/,Maritime Executive,https://maritime-executive.com/article/iran-announces-full-reopening-of-strait-of-hormuz-during-lebanon-ceasefire,,iran_war_2026,,"Reported price reaction: Brent June futures -10.42%, WTI May -11.11% (as reported; verify against the price table)."
W10,2026-04-21,,,US extends the ceasefire with Iran while keeping the blockade of Iranian ports,Iran,Strait of Hormuz,strait-of-hormuz,tanker or shipping lane,26.2969,56.8598,agreement,both,no,,No volume.,"World Oil (Apr 21, 2026)",https://worldoil.com/news/2026/4/21/trump-extends-iran-ceasefire-while-keeping-hormuz-blocked-amid-stalled-talks/,Bloomberg Government,https://news.bgov.com/bloomberg-government-news/trump-extends-iran-ceasefire-maintains-blockade-as-talks-falter,,iran_war_2026,,Announced a day before the two-week truce was due to expire. A later 60-day extension was reported in late May pending approval; not a separate row.
W11,2026-06-17,2026-06-18,DATES DIFFER,US and Iran sign the Islamabad memorandum to end hostilities and reopen the strait,Iran,Strait of Hormuz,strait-of-hormuz,tanker or shipping lane,26.2969,56.8598,agreement,both,no,,A supply-returning event. Reported terms include reopening the strait and temporarily waiving US sanctions on Iranian oil.,EIA Today in Energy,https://www.eia.gov/todayinenergy/detail.php?id=68245,"EIA press release (Jul 7, 2026)",https://www.eia.gov/pressroom/releases/press590.php,E19,iran_war_2026,,Signed digitally over June 17 and 18; EIA pages disagree by a day (E19 note). Arab News Pakistan also reports the signing: https://www.arabnews.pk/node/2647648
W12,2026-06-20,,,"Iran announces the Strait of Hormuz closed again, citing ceasefire violations",Iran,Strait of Hormuz,strait-of-hormuz,tanker or shipping lane,26.2969,56.8598,blockade,both,no,,No volume. Recorded as a risk event: whether transits actually fell can be checked against chokepoint_transit.,"Reuters (via Internazionale, Jun 20, 2026)",https://www.internazionale.it/ultime-notizie-reuters/2026/06/20/iran-closes-strait-of-hormuz-over-ceasefire-violations-mehr,Cyprus Mail,https://cyprus-mail.com/2026/06/20/iran-closes-strait-of-hormuz-over-ceasefire-violations,,iran_war_2026,,"June 20, 2026 was a Saturday; day zero is the next trading day. physical_supply_lost set to 'no' pending a check of PortWatch transits."
W13,2026-07-07,2026-07-08,DATES DIFFER,Three tankers struck in the Strait of Hormuz; US strikes follow early the next day,Iran,Strait of Hormuz,strait-of-hormuz,tanker or shipping lane,26.2969,56.8598,attack,both,no,,No volume figure in the sources. Vessel damage reported; no barrels-per-day loss stated.,"AP via Coeur d'Alene Press (Jul 7, 2026)",https://cdapress.com/news/2026/jul/07/us-launches-new-strikes-against-iran-after-three-ships-were-hit-in-strait-of-hormuz/,EIA Today in Energy,https://www.eia.gov/todayinenergy/detail.php?id=68245,E20,iran_war_2026,,Ship strikes July 7 (reported by the UK military's UKMTO); US strikes and the truce breakdown early July 8 (Wikipedia pointer uses July 8). EIA names July 7. The US also revoked a license for Iranian oil sales the same day.
W14,2026-09-09,,PRICES DIFFER,Attacks on more than a dozen vessels near the Strait of Hormuz; Brent closes above $100 the next day,Iran,Strait of Hormuz,strait-of-hormuz,tanker or shipping lane,26.2969,56.8598,attack,both,no,,No volume figure in the sources.,Reuters via New Straits Times,https://www.nst.com.my/amp/business/economy/2026/09/1528051/oil-rises-risks-prolonged-mideast-conflict-heighten-supply-worries,EIA Today in Energy,https://www.eia.gov/todayinenergy/detail.php?id=68245,E21,iran_war_2026,,"EIA: Brent futures exceeded $100 on Sept 9 and peaked at $109 on Sept 15. News reports: Brent settled $99.49 on Sept 9 and closed $107.63 on Sept 10 (Nation Thailand: https://www.nationthailand.com/news/general/40070894). EIA likely refers to an intraday high. EIA also mentions pipeline attacks affecting Saudi supply this quarter, without dates."
