iso3,label_lat,label_lon
ABW,12.5169,-69.9742
AIA,18.2441,-63.0214
ALD,60.134,19.9623
AND,42.5413,1.5608
ASM,-14.3261,-170.7652
ATC,-12.4326,123.5864
ATG,17.0748,-61.7896
BHR,26.0491,50.5439
BJN,15.795,-79.9879
BLM,17.9056,-62.8326
BMU,32.2983,-64.7683
BRB,13.1477,-59.5406
BRI,-30.1876,-57.6232
BRT,21.8447,33.6784
CLP,10.2974,-109.2213
CNM,35.1718,33.2035
COK,-21.2193,-159.7865
COM,-12.2148,44.4348
CPV,15.2213,-23.1804
CSI,-21.0293,154.3904
CUW,12.156,-68.9557
CYM,19.33,-81.1747
DMA,15.4364,-61.3569
ESB,35.0177,33.7924
FRO,62.2224,-6.4847
FSM,6.8827,158.234
GGY,49.4634,-2.5773
GIB,36.1299,-5.3473
GRD,12.1177,-61.679
GUM,13.3549,144.7062
HKG,22.4141,114.0231
HMD,-53.0888,73.5052
IMN,54.2291,-4.5337
IOA,-10.4925,105.6625
IOT,-7.2615,72.4672
JEY,49.2301,-2.1251
KAB,45.9783,63.3841
KAS,35.3911,77.18
KIR,-2.8376,-171.663
KNA,17.1496,-62.5807
LCA,13.9027,-60.9703
LIE,47.1382,9.5409
MAC,22.1981,113.5379
MAF,18.0775,-63.0552
MCO,43.7461,7.3984
MDV,4.176,73.5077
MHL,5.968,169.6985
MLT,35.8906,14.4414
MNP,14.156,145.2115
MSR,16.7375,-62.1874
MUS,-20.2793,57.5696
NFK,-29.035,167.9552
NIU,-19.0489,-169.8693
NRU,-0.5208,166.9331
NUL,0,0
PCN,-24.366,-128.3171
PGA,10.2386,115.367
PLW,7.5138,134.5802
PYF,-17.6639,-149.4205
SCR,15.1522,117.7539
SER,15.8645,-78.6381
SGP,1.3589,103.8135
SGS,-54.2022,-36.9083
SHN,-7.9355,-14.364
SMR,43.9365,12.4422
SPI,-49.5038,-73.3194
SPM,46.8595,-56.2758
STP,0.2356,6.6076
SXM,18.0403,-63.0697
SYC,-4.3143,55.7081
TCA,21.7991,-72.2544
TON,-21.3745,-174.9379
TUV,-7.4774,178.6818
UMI,18.4071,-75.0147
USG,19.9352,-75.1986
VAT,41.9033,12.4534
VCT,13.2565,-61.194
VGB,18.4266,-64.6317
VIR,18.3459,-64.731
WLF,-13.2819,-176.1619
WSB,34.6004,32.9719
WSM,-13.9342,-171.7601
